USE AZONMA;

-- Estados
INSERT INTO ESTADO(NOMBRE) VALUES ('Creado');
INSERT INTO ESTADO(NOMBRE) VALUES ('Borrado');


-- Sexos
INSERT INTO SEXO(ID_SEXO) VALUES ('H');
INSERT INTO SEXO(ID_SEXO) VALUES ('M');
INSERT INTO SEXO(ID_SEXO) VALUES (' ');


-- Países
INSERT INTO PAIS(ID_PAIS, ISO, NOMBRE) VALUES(1, 'AF', 'Afganistán');
INSERT INTO PAIS(ID_PAIS, ISO, NOMBRE) VALUES(2, 'AX', 'Islas Gland');
INSERT INTO PAIS(ID_PAIS, ISO, NOMBRE) VALUES(3, 'AL', 'Albania');
INSERT INTO PAIS(ID_PAIS, ISO, NOMBRE) VALUES(4, 'DE', 'Alemania');
INSERT INTO PAIS(ID_PAIS, ISO, NOMBRE) VALUES(5, 'AD', 'Andorra');
INSERT INTO PAIS(ID_PAIS, ISO, NOMBRE) VALUES(6, 'AO', 'Angola');
INSERT INTO PAIS(ID_PAIS, ISO, NOMBRE) VALUES(7, 'AI', 'Anguilla');
INSERT INTO PAIS(ID_PAIS, ISO, NOMBRE) VALUES(8, 'AQ', 'Antártida');
INSERT INTO PAIS(ID_PAIS, ISO, NOMBRE) VALUES(9, 'AG', 'Antigua y Barbuda');
INSERT INTO PAIS(ID_PAIS, ISO, NOMBRE) VALUES(10, 'AN', 'Antillas Holandesas');
INSERT INTO PAIS(ID_PAIS, ISO, NOMBRE) VALUES(11, 'SA', 'Arabia Saudí');
INSERT INTO PAIS(ID_PAIS, ISO, NOMBRE) VALUES(12, 'DZ', 'Argelia');
INSERT INTO PAIS(ID_PAIS, ISO, NOMBRE) VALUES(13, 'AR', 'Argentina');
INSERT INTO PAIS(ID_PAIS, ISO, NOMBRE) VALUES(14, 'AM', 'Armenia');
INSERT INTO PAIS(ID_PAIS, ISO, NOMBRE) VALUES(15, 'AW', 'Aruba');
INSERT INTO PAIS(ID_PAIS, ISO, NOMBRE) VALUES(16, 'AU', 'Australia');
INSERT INTO PAIS(ID_PAIS, ISO, NOMBRE) VALUES(17, 'AT', 'Austria');
INSERT INTO PAIS(ID_PAIS, ISO, NOMBRE) VALUES(18, 'AZ', 'Azerbaiyán');
INSERT INTO PAIS(ID_PAIS, ISO, NOMBRE) VALUES(19, 'BS', 'Bahamas');
INSERT INTO PAIS(ID_PAIS, ISO, NOMBRE) VALUES(20, 'BH', 'Bahréin');
INSERT INTO PAIS(ID_PAIS, ISO, NOMBRE) VALUES(21, 'BD', 'Bangladesh');
INSERT INTO PAIS(ID_PAIS, ISO, NOMBRE) VALUES(22, 'BB', 'Barbados');
INSERT INTO PAIS(ID_PAIS, ISO, NOMBRE) VALUES(23, 'BY', 'Bielorrusia');
INSERT INTO PAIS(ID_PAIS, ISO, NOMBRE) VALUES(24, 'BE', 'Bélgica');
INSERT INTO PAIS(ID_PAIS, ISO, NOMBRE) VALUES(25, 'BZ', 'Belice');
INSERT INTO PAIS(ID_PAIS, ISO, NOMBRE) VALUES(26, 'BJ', 'Benin');
INSERT INTO PAIS(ID_PAIS, ISO, NOMBRE) VALUES(27, 'BM', 'Bermudas');
INSERT INTO PAIS(ID_PAIS, ISO, NOMBRE) VALUES(28, 'BT', 'Bhután');
INSERT INTO PAIS(ID_PAIS, ISO, NOMBRE) VALUES(29, 'BO', 'Bolivia');
INSERT INTO PAIS(ID_PAIS, ISO, NOMBRE) VALUES(30, 'BA', 'Bosnia y Herzegovina');
INSERT INTO PAIS(ID_PAIS, ISO, NOMBRE) VALUES(31, 'BW', 'Botsuana');
INSERT INTO PAIS(ID_PAIS, ISO, NOMBRE) VALUES(32, 'BV', 'Isla Bouvet');
INSERT INTO PAIS(ID_PAIS, ISO, NOMBRE) VALUES(33, 'BR', 'Brasil');
INSERT INTO PAIS(ID_PAIS, ISO, NOMBRE) VALUES(34, 'BN', 'Brunéi');
INSERT INTO PAIS(ID_PAIS, ISO, NOMBRE) VALUES(35, 'BG', 'Bulgaria');
INSERT INTO PAIS(ID_PAIS, ISO, NOMBRE) VALUES(36, 'BF', 'Burkina Faso');
INSERT INTO PAIS(ID_PAIS, ISO, NOMBRE) VALUES(37, 'BI', 'Burundi');
INSERT INTO PAIS(ID_PAIS, ISO, NOMBRE) VALUES(38, 'CV', 'Cabo Verde');
INSERT INTO PAIS(ID_PAIS, ISO, NOMBRE) VALUES(39, 'KY', 'Islas Caimán');
INSERT INTO PAIS(ID_PAIS, ISO, NOMBRE) VALUES(40, 'KH', 'Camboya');
INSERT INTO PAIS(ID_PAIS, ISO, NOMBRE) VALUES(41, 'CM', 'Camerún');
INSERT INTO PAIS(ID_PAIS, ISO, NOMBRE) VALUES(42, 'CA', 'Canadá');
INSERT INTO PAIS(ID_PAIS, ISO, NOMBRE) VALUES(43, 'CF', 'República Centroafricana');
INSERT INTO PAIS(ID_PAIS, ISO, NOMBRE) VALUES(44, 'TD', 'Chad');
INSERT INTO PAIS(ID_PAIS, ISO, NOMBRE) VALUES(45, 'CZ', 'República Checa');
INSERT INTO PAIS(ID_PAIS, ISO, NOMBRE) VALUES(46, 'CL', 'Chile');
INSERT INTO PAIS(ID_PAIS, ISO, NOMBRE) VALUES(47, 'CN', 'China');
INSERT INTO PAIS(ID_PAIS, ISO, NOMBRE) VALUES(48, 'CY', 'Chipre');
INSERT INTO PAIS(ID_PAIS, ISO, NOMBRE) VALUES(49, 'CX', 'Isla de Navidad');
INSERT INTO PAIS(ID_PAIS, ISO, NOMBRE) VALUES(50, 'VA', 'Ciudad del Vaticano');
INSERT INTO PAIS(ID_PAIS, ISO, NOMBRE) VALUES(51, 'CC', 'Islas Cocos');
INSERT INTO PAIS(ID_PAIS, ISO, NOMBRE) VALUES(52, 'CO', 'Colombia');
INSERT INTO PAIS(ID_PAIS, ISO, NOMBRE) VALUES(53, 'KM', 'Comoras');
INSERT INTO PAIS(ID_PAIS, ISO, NOMBRE) VALUES(54, 'CD', 'República Democrática del Congo');
INSERT INTO PAIS(ID_PAIS, ISO, NOMBRE) VALUES(55, 'CG', 'Congo');
INSERT INTO PAIS(ID_PAIS, ISO, NOMBRE) VALUES(56, 'CK', 'Islas Cook');
INSERT INTO PAIS(ID_PAIS, ISO, NOMBRE) VALUES(57, 'KP', 'Corea del Norte');
INSERT INTO PAIS(ID_PAIS, ISO, NOMBRE) VALUES(58, 'KR', 'Corea del Sur');
INSERT INTO PAIS(ID_PAIS, ISO, NOMBRE) VALUES(59, 'CI', 'Costa de Marfil');
INSERT INTO PAIS(ID_PAIS, ISO, NOMBRE) VALUES(60, 'CR', 'Costa Rica');
INSERT INTO PAIS(ID_PAIS, ISO, NOMBRE) VALUES(61, 'HR', 'Croacia');
INSERT INTO PAIS(ID_PAIS, ISO, NOMBRE) VALUES(62, 'CU', 'Cuba');
INSERT INTO PAIS(ID_PAIS, ISO, NOMBRE) VALUES(63, 'DK', 'Dinamarca');
INSERT INTO PAIS(ID_PAIS, ISO, NOMBRE) VALUES(64, 'DM', 'Dominica');
INSERT INTO PAIS(ID_PAIS, ISO, NOMBRE) VALUES(65, 'DO', 'República Dominicana');
INSERT INTO PAIS(ID_PAIS, ISO, NOMBRE) VALUES(66, 'EC', 'Ecuador');
INSERT INTO PAIS(ID_PAIS, ISO, NOMBRE) VALUES(67, 'EG', 'Egipto');
INSERT INTO PAIS(ID_PAIS, ISO, NOMBRE) VALUES(68, 'SV', 'El Salvador');
INSERT INTO PAIS(ID_PAIS, ISO, NOMBRE) VALUES(69, 'AE', 'Emiratos Árabes Unidos');
INSERT INTO PAIS(ID_PAIS, ISO, NOMBRE) VALUES(70, 'ER', 'Eritrea');
INSERT INTO PAIS(ID_PAIS, ISO, NOMBRE) VALUES(71, 'SK', 'Eslovaquia');
INSERT INTO PAIS(ID_PAIS, ISO, NOMBRE) VALUES(72, 'SI', 'Eslovenia');
INSERT INTO PAIS(ID_PAIS, ISO, NOMBRE) VALUES(73, 'ES', 'España');
INSERT INTO PAIS(ID_PAIS, ISO, NOMBRE) VALUES(74, 'UM', 'Islas ultramarinas de Estados Unidos');
INSERT INTO PAIS(ID_PAIS, ISO, NOMBRE) VALUES(75, 'US', 'Estados Unidos');
INSERT INTO PAIS(ID_PAIS, ISO, NOMBRE) VALUES(76, 'EE', 'Estonia');
INSERT INTO PAIS(ID_PAIS, ISO, NOMBRE) VALUES(77, 'ET', 'Etiopía');
INSERT INTO PAIS(ID_PAIS, ISO, NOMBRE) VALUES(78, 'FO', 'Islas Feroe');
INSERT INTO PAIS(ID_PAIS, ISO, NOMBRE) VALUES(79, 'PH', 'Filipinas');
INSERT INTO PAIS(ID_PAIS, ISO, NOMBRE) VALUES(80, 'FI', 'Finlandia');
INSERT INTO PAIS(ID_PAIS, ISO, NOMBRE) VALUES(81, 'FJ', 'Fiyi');
INSERT INTO PAIS(ID_PAIS, ISO, NOMBRE) VALUES(82, 'FR', 'Francia');
INSERT INTO PAIS(ID_PAIS, ISO, NOMBRE) VALUES(83, 'GA', 'Gabón');
INSERT INTO PAIS(ID_PAIS, ISO, NOMBRE) VALUES(84, 'GM', 'Gambia');
INSERT INTO PAIS(ID_PAIS, ISO, NOMBRE) VALUES(85, 'GE', 'Georgia');
INSERT INTO PAIS(ID_PAIS, ISO, NOMBRE) VALUES(86, 'GS', 'Islas Georgias del Sur y Sandwich del Sur');
INSERT INTO PAIS(ID_PAIS, ISO, NOMBRE) VALUES(87, 'GH', 'Ghana');
INSERT INTO PAIS(ID_PAIS, ISO, NOMBRE) VALUES(88, 'GI', 'Gibraltar');
INSERT INTO PAIS(ID_PAIS, ISO, NOMBRE) VALUES(89, 'GD', 'Granada');
INSERT INTO PAIS(ID_PAIS, ISO, NOMBRE) VALUES(90, 'GR', 'Grecia');
INSERT INTO PAIS(ID_PAIS, ISO, NOMBRE) VALUES(91, 'GL', 'Groenlandia');
INSERT INTO PAIS(ID_PAIS, ISO, NOMBRE) VALUES(92, 'GP', 'Guadalupe');
INSERT INTO PAIS(ID_PAIS, ISO, NOMBRE) VALUES(93, 'GU', 'Guam');
INSERT INTO PAIS(ID_PAIS, ISO, NOMBRE) VALUES(94, 'GT', 'Guatemala');
INSERT INTO PAIS(ID_PAIS, ISO, NOMBRE) VALUES(95, 'GF', 'Guayana Francesa');
INSERT INTO PAIS(ID_PAIS, ISO, NOMBRE) VALUES(96, 'GN', 'Guinea');
INSERT INTO PAIS(ID_PAIS, ISO, NOMBRE) VALUES(97, 'GQ', 'Guinea Ecuatorial');
INSERT INTO PAIS(ID_PAIS, ISO, NOMBRE) VALUES(98, 'GW', 'Guinea-Bissau');
INSERT INTO PAIS(ID_PAIS, ISO, NOMBRE) VALUES(99, 'GY', 'Guyana');
INSERT INTO PAIS(ID_PAIS, ISO, NOMBRE) VALUES(100, 'HT', 'Haití');
INSERT INTO PAIS(ID_PAIS, ISO, NOMBRE) VALUES(101, 'HM', 'Islas Heard y McDonald');
INSERT INTO PAIS(ID_PAIS, ISO, NOMBRE) VALUES(102, 'HN', 'Honduras');
INSERT INTO PAIS(ID_PAIS, ISO, NOMBRE) VALUES(103, 'HK', 'Hong Kong');
INSERT INTO PAIS(ID_PAIS, ISO, NOMBRE) VALUES(104, 'HU', 'Hungría');
INSERT INTO PAIS(ID_PAIS, ISO, NOMBRE) VALUES(105, 'IN', 'India');
INSERT INTO PAIS(ID_PAIS, ISO, NOMBRE) VALUES(106, 'ID', 'Indonesia');
INSERT INTO PAIS(ID_PAIS, ISO, NOMBRE) VALUES(107, 'IR', 'Irán');
INSERT INTO PAIS(ID_PAIS, ISO, NOMBRE) VALUES(108, 'IQ', 'Iraq');
INSERT INTO PAIS(ID_PAIS, ISO, NOMBRE) VALUES(109, 'IE', 'Irlanda');
INSERT INTO PAIS(ID_PAIS, ISO, NOMBRE) VALUES(110, 'IS', 'Islandia');
INSERT INTO PAIS(ID_PAIS, ISO, NOMBRE) VALUES(111, 'IL', 'Israel');
INSERT INTO PAIS(ID_PAIS, ISO, NOMBRE) VALUES(112, 'IT', 'Italia');
INSERT INTO PAIS(ID_PAIS, ISO, NOMBRE) VALUES(113, 'JM', 'Jamaica');
INSERT INTO PAIS(ID_PAIS, ISO, NOMBRE) VALUES(114, 'JP', 'Japón');
INSERT INTO PAIS(ID_PAIS, ISO, NOMBRE) VALUES(115, 'JO', 'Jordania');
INSERT INTO PAIS(ID_PAIS, ISO, NOMBRE) VALUES(116, 'KZ', 'Kazajstán');
INSERT INTO PAIS(ID_PAIS, ISO, NOMBRE) VALUES(117, 'KE', 'Kenia');
INSERT INTO PAIS(ID_PAIS, ISO, NOMBRE) VALUES(118, 'KG', 'Kirguistán');
INSERT INTO PAIS(ID_PAIS, ISO, NOMBRE) VALUES(119, 'KI', 'Kiribati');
INSERT INTO PAIS(ID_PAIS, ISO, NOMBRE) VALUES(120, 'KW', 'Kuwait');
INSERT INTO PAIS(ID_PAIS, ISO, NOMBRE) VALUES(121, 'LA', 'Laos');
INSERT INTO PAIS(ID_PAIS, ISO, NOMBRE) VALUES(122, 'LS', 'Lesotho');
INSERT INTO PAIS(ID_PAIS, ISO, NOMBRE) VALUES(123, 'LV', 'Letonia');
INSERT INTO PAIS(ID_PAIS, ISO, NOMBRE) VALUES(124, 'LB', 'Líbano');
INSERT INTO PAIS(ID_PAIS, ISO, NOMBRE) VALUES(125, 'LR', 'Liberia');
INSERT INTO PAIS(ID_PAIS, ISO, NOMBRE) VALUES(126, 'LY', 'Libia');
INSERT INTO PAIS(ID_PAIS, ISO, NOMBRE) VALUES(127, 'LI', 'Liechtenstein');
INSERT INTO PAIS(ID_PAIS, ISO, NOMBRE) VALUES(128, 'LT', 'Lituania');
INSERT INTO PAIS(ID_PAIS, ISO, NOMBRE) VALUES(129, 'LU', 'Luxemburgo');
INSERT INTO PAIS(ID_PAIS, ISO, NOMBRE) VALUES(130, 'MO', 'Macao');
INSERT INTO PAIS(ID_PAIS, ISO, NOMBRE) VALUES(131, 'MK', 'ARY Macedonia');
INSERT INTO PAIS(ID_PAIS, ISO, NOMBRE) VALUES(132, 'MG', 'Madagascar');
INSERT INTO PAIS(ID_PAIS, ISO, NOMBRE) VALUES(133, 'MY', 'Malasia');
INSERT INTO PAIS(ID_PAIS, ISO, NOMBRE) VALUES(134, 'MW', 'Malawi');
INSERT INTO PAIS(ID_PAIS, ISO, NOMBRE) VALUES(135, 'MV', 'Maldivas');
INSERT INTO PAIS(ID_PAIS, ISO, NOMBRE) VALUES(136, 'ML', 'Malí');
INSERT INTO PAIS(ID_PAIS, ISO, NOMBRE) VALUES(137, 'MT', 'Malta');
INSERT INTO PAIS(ID_PAIS, ISO, NOMBRE) VALUES(138, 'FK', 'Islas Malvinas');
INSERT INTO PAIS(ID_PAIS, ISO, NOMBRE) VALUES(139, 'MP', 'Islas Marianas del Norte');
INSERT INTO PAIS(ID_PAIS, ISO, NOMBRE) VALUES(140, 'MA', 'Marruecos');
INSERT INTO PAIS(ID_PAIS, ISO, NOMBRE) VALUES(141, 'MH', 'Islas Marshall');
INSERT INTO PAIS(ID_PAIS, ISO, NOMBRE) VALUES(142, 'MQ', 'Martinica');
INSERT INTO PAIS(ID_PAIS, ISO, NOMBRE) VALUES(143, 'MU', 'Mauricio');
INSERT INTO PAIS(ID_PAIS, ISO, NOMBRE) VALUES(144, 'MR', 'Mauritania');
INSERT INTO PAIS(ID_PAIS, ISO, NOMBRE) VALUES(145, 'YT', 'Mayotte');
INSERT INTO PAIS(ID_PAIS, ISO, NOMBRE) VALUES(146, 'MX', 'México');
INSERT INTO PAIS(ID_PAIS, ISO, NOMBRE) VALUES(147, 'FM', 'Micronesia');
INSERT INTO PAIS(ID_PAIS, ISO, NOMBRE) VALUES(148, 'MD', 'Moldavia');
INSERT INTO PAIS(ID_PAIS, ISO, NOMBRE) VALUES(149, 'MC', 'Mónaco');
INSERT INTO PAIS(ID_PAIS, ISO, NOMBRE) VALUES(150, 'MN', 'Mongolia');
INSERT INTO PAIS(ID_PAIS, ISO, NOMBRE) VALUES(151, 'MS', 'Montserrat');
INSERT INTO PAIS(ID_PAIS, ISO, NOMBRE) VALUES(152, 'MZ', 'Mozambique');
INSERT INTO PAIS(ID_PAIS, ISO, NOMBRE) VALUES(153, 'MM', 'Myanmar');
INSERT INTO PAIS(ID_PAIS, ISO, NOMBRE) VALUES(154, 'NA', 'Namibia');
INSERT INTO PAIS(ID_PAIS, ISO, NOMBRE) VALUES(155, 'NR', 'Nauru');
INSERT INTO PAIS(ID_PAIS, ISO, NOMBRE) VALUES(156, 'NP', 'Nepal');
INSERT INTO PAIS(ID_PAIS, ISO, NOMBRE) VALUES(157, 'NI', 'Nicaragua');
INSERT INTO PAIS(ID_PAIS, ISO, NOMBRE) VALUES(158, 'NE', 'Níger');
INSERT INTO PAIS(ID_PAIS, ISO, NOMBRE) VALUES(159, 'NG', 'Nigeria');
INSERT INTO PAIS(ID_PAIS, ISO, NOMBRE) VALUES(160, 'NU', 'Niue');
INSERT INTO PAIS(ID_PAIS, ISO, NOMBRE) VALUES(161, 'NF', 'Isla Norfolk');
INSERT INTO PAIS(ID_PAIS, ISO, NOMBRE) VALUES(162, 'NO', 'Noruega');
INSERT INTO PAIS(ID_PAIS, ISO, NOMBRE) VALUES(163, 'NC', 'Nueva Caledonia');
INSERT INTO PAIS(ID_PAIS, ISO, NOMBRE) VALUES(164, 'NZ', 'Nueva Zelanda');
INSERT INTO PAIS(ID_PAIS, ISO, NOMBRE) VALUES(165, 'OM', 'Omán');
INSERT INTO PAIS(ID_PAIS, ISO, NOMBRE) VALUES(166, 'NL', 'Países Bajos');
INSERT INTO PAIS(ID_PAIS, ISO, NOMBRE) VALUES(167, 'PK', 'Pakistán');
INSERT INTO PAIS(ID_PAIS, ISO, NOMBRE) VALUES(168, 'PW', 'Palau');
INSERT INTO PAIS(ID_PAIS, ISO, NOMBRE) VALUES(169, 'PS', 'Palestina');
INSERT INTO PAIS(ID_PAIS, ISO, NOMBRE) VALUES(170, 'PA', 'Panamá');
INSERT INTO PAIS(ID_PAIS, ISO, NOMBRE) VALUES(171, 'PG', 'Papúa Nueva Guinea');
INSERT INTO PAIS(ID_PAIS, ISO, NOMBRE) VALUES(172, 'PY', 'Paraguay');
INSERT INTO PAIS(ID_PAIS, ISO, NOMBRE) VALUES(173, 'PE', 'Perú');
INSERT INTO PAIS(ID_PAIS, ISO, NOMBRE) VALUES(174, 'PN', 'Islas Pitcairn');
INSERT INTO PAIS(ID_PAIS, ISO, NOMBRE) VALUES(175, 'PF', 'Polinesia Francesa');
INSERT INTO PAIS(ID_PAIS, ISO, NOMBRE) VALUES(176, 'PL', 'Polonia');
INSERT INTO PAIS(ID_PAIS, ISO, NOMBRE) VALUES(177, 'PT', 'Portugal');
INSERT INTO PAIS(ID_PAIS, ISO, NOMBRE) VALUES(178, 'PR', 'Puerto Rico');
INSERT INTO PAIS(ID_PAIS, ISO, NOMBRE) VALUES(179, 'QA', 'Qatar');
INSERT INTO PAIS(ID_PAIS, ISO, NOMBRE) VALUES(180, 'GB', 'Reino Unido');
INSERT INTO PAIS(ID_PAIS, ISO, NOMBRE) VALUES(181, 'RE', 'Reunión');
INSERT INTO PAIS(ID_PAIS, ISO, NOMBRE) VALUES(182, 'RW', 'Ruanda');
INSERT INTO PAIS(ID_PAIS, ISO, NOMBRE) VALUES(183, 'RO', 'Rumania');
INSERT INTO PAIS(ID_PAIS, ISO, NOMBRE) VALUES(184, 'RU', 'Rusia');
INSERT INTO PAIS(ID_PAIS, ISO, NOMBRE) VALUES(185, 'EH', 'Sahara Occidental');
INSERT INTO PAIS(ID_PAIS, ISO, NOMBRE) VALUES(186, 'SB', 'Islas Salomón');
INSERT INTO PAIS(ID_PAIS, ISO, NOMBRE) VALUES(187, 'WS', 'Samoa');
INSERT INTO PAIS(ID_PAIS, ISO, NOMBRE) VALUES(188, 'AS', 'Samoa Americana');
INSERT INTO PAIS(ID_PAIS, ISO, NOMBRE) VALUES(189, 'KN', 'San Cristóbal y Nevis');
INSERT INTO PAIS(ID_PAIS, ISO, NOMBRE) VALUES(190, 'SM', 'San Marino');
INSERT INTO PAIS(ID_PAIS, ISO, NOMBRE) VALUES(191, 'PM', 'San Pedro y Miquelón');
INSERT INTO PAIS(ID_PAIS, ISO, NOMBRE) VALUES(192, 'VC', 'San Vicente y las Granadinas');
INSERT INTO PAIS(ID_PAIS, ISO, NOMBRE) VALUES(193, 'SH', 'Santa Helena');
INSERT INTO PAIS(ID_PAIS, ISO, NOMBRE) VALUES(194, 'LC', 'Santa Lucía');
INSERT INTO PAIS(ID_PAIS, ISO, NOMBRE) VALUES(195, 'ST', 'Santo Tomé y Príncipe');
INSERT INTO PAIS(ID_PAIS, ISO, NOMBRE) VALUES(196, 'SN', 'Senegal');
INSERT INTO PAIS(ID_PAIS, ISO, NOMBRE) VALUES(197, 'CS', 'Serbia y Montenegro');
INSERT INTO PAIS(ID_PAIS, ISO, NOMBRE) VALUES(198, 'SC', 'Seychelles');
INSERT INTO PAIS(ID_PAIS, ISO, NOMBRE) VALUES(199, 'SL', 'Sierra Leona');
INSERT INTO PAIS(ID_PAIS, ISO, NOMBRE) VALUES(200, 'SG', 'Singapur');
INSERT INTO PAIS(ID_PAIS, ISO, NOMBRE) VALUES(201, 'SY', 'Siria');
INSERT INTO PAIS(ID_PAIS, ISO, NOMBRE) VALUES(202, 'SO', 'Somalia');
INSERT INTO PAIS(ID_PAIS, ISO, NOMBRE) VALUES(203, 'LK', 'Sri Lanka');
INSERT INTO PAIS(ID_PAIS, ISO, NOMBRE) VALUES(204, 'SZ', 'Suazilandia');
INSERT INTO PAIS(ID_PAIS, ISO, NOMBRE) VALUES(205, 'ZA', 'Sudáfrica');
INSERT INTO PAIS(ID_PAIS, ISO, NOMBRE) VALUES(206, 'SD', 'Sudán');
INSERT INTO PAIS(ID_PAIS, ISO, NOMBRE) VALUES(207, 'SE', 'Suecia');
INSERT INTO PAIS(ID_PAIS, ISO, NOMBRE) VALUES(208, 'CH', 'Suiza');
INSERT INTO PAIS(ID_PAIS, ISO, NOMBRE) VALUES(209, 'SR', 'Surinam');
INSERT INTO PAIS(ID_PAIS, ISO, NOMBRE) VALUES(210, 'SJ', 'Svalbard y Jan Mayen');
INSERT INTO PAIS(ID_PAIS, ISO, NOMBRE) VALUES(211, 'TH', 'Tailandia');
INSERT INTO PAIS(ID_PAIS, ISO, NOMBRE) VALUES(212, 'TW', 'Taiwán');
INSERT INTO PAIS(ID_PAIS, ISO, NOMBRE) VALUES(213, 'TZ', 'Tanzania');
INSERT INTO PAIS(ID_PAIS, ISO, NOMBRE) VALUES(214, 'TJ', 'Tayikistán');
INSERT INTO PAIS(ID_PAIS, ISO, NOMBRE) VALUES(215, 'IO', 'Territorio Británico del Océano Índico');
INSERT INTO PAIS(ID_PAIS, ISO, NOMBRE) VALUES(216, 'TF', 'Territorios Australes Franceses');
INSERT INTO PAIS(ID_PAIS, ISO, NOMBRE) VALUES(217, 'TL', 'Timor Oriental');
INSERT INTO PAIS(ID_PAIS, ISO, NOMBRE) VALUES(218, 'TG', 'Togo');
INSERT INTO PAIS(ID_PAIS, ISO, NOMBRE) VALUES(219, 'TK', 'Tokelau');
INSERT INTO PAIS(ID_PAIS, ISO, NOMBRE) VALUES(220, 'TO', 'Tonga');
INSERT INTO PAIS(ID_PAIS, ISO, NOMBRE) VALUES(221, 'TT', 'Trinidad y Tobago');
INSERT INTO PAIS(ID_PAIS, ISO, NOMBRE) VALUES(222, 'TN', 'Túnez');
INSERT INTO PAIS(ID_PAIS, ISO, NOMBRE) VALUES(223, 'TC', 'Islas Turcas y Caicos');
INSERT INTO PAIS(ID_PAIS, ISO, NOMBRE) VALUES(224, 'TM', 'Turkmenistán');
INSERT INTO PAIS(ID_PAIS, ISO, NOMBRE) VALUES(225, 'TR', 'Turquía');
INSERT INTO PAIS(ID_PAIS, ISO, NOMBRE) VALUES(226, 'TV', 'Tuvalu');
INSERT INTO PAIS(ID_PAIS, ISO, NOMBRE) VALUES(227, 'UA', 'Ucrania');
INSERT INTO PAIS(ID_PAIS, ISO, NOMBRE) VALUES(228, 'UG', 'Uganda');
INSERT INTO PAIS(ID_PAIS, ISO, NOMBRE) VALUES(229, 'UY', 'Uruguay');
INSERT INTO PAIS(ID_PAIS, ISO, NOMBRE) VALUES(230, 'UZ', 'Uzbekistán');
INSERT INTO PAIS(ID_PAIS, ISO, NOMBRE) VALUES(231, 'VU', 'Vanuatu');
INSERT INTO PAIS(ID_PAIS, ISO, NOMBRE) VALUES(232, 'VE', 'Venezuela');
INSERT INTO PAIS(ID_PAIS, ISO, NOMBRE) VALUES(233, 'VN', 'Vietnam');
INSERT INTO PAIS(ID_PAIS, ISO, NOMBRE) VALUES(234, 'VG', 'Islas Vírgenes Británicas');
INSERT INTO PAIS(ID_PAIS, ISO, NOMBRE) VALUES(235, 'VI', 'Islas Vírgenes de los Estados Unidos');
INSERT INTO PAIS(ID_PAIS, ISO, NOMBRE) VALUES(236, 'WF', 'Wallis y Futuna');
INSERT INTO PAIS(ID_PAIS, ISO, NOMBRE) VALUES(237, 'YE', 'Yemen');
INSERT INTO PAIS(ID_PAIS, ISO, NOMBRE) VALUES(238, 'DJ', 'Yibuti');
INSERT INTO PAIS(ID_PAIS, ISO, NOMBRE) VALUES(239, 'ZM', 'Zambia');
INSERT INTO PAIS(ID_PAIS, ISO, NOMBRE) VALUES(240, 'ZW', 'Zimbabue');


-- Provincias
-- Españolas
INSERT INTO PROVINCIA(ID_PROVINCIA, NOMBRE, ID_PAIS) VALUES (2,'Albacete', 73);
INSERT INTO PROVINCIA(ID_PROVINCIA, NOMBRE, ID_PAIS) VALUES (3,'Alicante', 73);
INSERT INTO PROVINCIA(ID_PROVINCIA, NOMBRE, ID_PAIS) VALUES (4,'Almería', 73);
INSERT INTO PROVINCIA(ID_PROVINCIA, NOMBRE, ID_PAIS) VALUES (1,'Araba/Álava', 73);
INSERT INTO PROVINCIA(ID_PROVINCIA, NOMBRE, ID_PAIS) VALUES (33,'Asturias', 73);
INSERT INTO PROVINCIA(ID_PROVINCIA, NOMBRE, ID_PAIS) VALUES (5,'Ávila', 73);
INSERT INTO PROVINCIA(ID_PROVINCIA, NOMBRE, ID_PAIS) VALUES (6,'Badajoz', 73);
INSERT INTO PROVINCIA(ID_PROVINCIA, NOMBRE, ID_PAIS) VALUES (7,'Balears, Illes', 73);
INSERT INTO PROVINCIA(ID_PROVINCIA, NOMBRE, ID_PAIS) VALUES (8,'Barcelona', 73);
INSERT INTO PROVINCIA(ID_PROVINCIA, NOMBRE, ID_PAIS) VALUES (48,'Bizkaia', 73);
INSERT INTO PROVINCIA(ID_PROVINCIA, NOMBRE, ID_PAIS) VALUES (9,'Burgos', 73);
INSERT INTO PROVINCIA(ID_PROVINCIA, NOMBRE, ID_PAIS) VALUES (10,'Cáceres', 73);
INSERT INTO PROVINCIA(ID_PROVINCIA, NOMBRE, ID_PAIS) VALUES (11,'Cádiz', 73);
INSERT INTO PROVINCIA(ID_PROVINCIA, NOMBRE, ID_PAIS) VALUES (39,'Cantabria', 73);
INSERT INTO PROVINCIA(ID_PROVINCIA, NOMBRE, ID_PAIS) VALUES (12,'Castellón/Castelló', 73);
INSERT INTO PROVINCIA(ID_PROVINCIA, NOMBRE, ID_PAIS) VALUES (51,'Ceuta', 73);
INSERT INTO PROVINCIA(ID_PROVINCIA, NOMBRE, ID_PAIS) VALUES (13,'Ciudad Real', 73);
INSERT INTO PROVINCIA(ID_PROVINCIA, NOMBRE, ID_PAIS) VALUES (14,'Córdoba', 73);
INSERT INTO PROVINCIA(ID_PROVINCIA, NOMBRE, ID_PAIS) VALUES (15,'Coruña, A', 73);
INSERT INTO PROVINCIA(ID_PROVINCIA, NOMBRE, ID_PAIS) VALUES (16,'Cuenca', 73);
INSERT INTO PROVINCIA(ID_PROVINCIA, NOMBRE, ID_PAIS) VALUES (20,'Gipuzkoa', 73);
INSERT INTO PROVINCIA(ID_PROVINCIA, NOMBRE, ID_PAIS) VALUES (17,'Girona', 73);
INSERT INTO PROVINCIA(ID_PROVINCIA, NOMBRE, ID_PAIS) VALUES (18,'Granada', 73);
INSERT INTO PROVINCIA(ID_PROVINCIA, NOMBRE, ID_PAIS) VALUES (19,'Guadalajara', 73);
INSERT INTO PROVINCIA(ID_PROVINCIA, NOMBRE, ID_PAIS) VALUES (21,'Huelva', 73);
INSERT INTO PROVINCIA(ID_PROVINCIA, NOMBRE, ID_PAIS) VALUES (22,'Huesca', 73);
INSERT INTO PROVINCIA(ID_PROVINCIA, NOMBRE, ID_PAIS) VALUES (23,'Jaén', 73);
INSERT INTO PROVINCIA(ID_PROVINCIA, NOMBRE, ID_PAIS) VALUES (24,'León', 73);
INSERT INTO PROVINCIA(ID_PROVINCIA, NOMBRE, ID_PAIS) VALUES (27,'Lugo', 73);
INSERT INTO PROVINCIA(ID_PROVINCIA, NOMBRE, ID_PAIS) VALUES (25,'Lleida', 73);
INSERT INTO PROVINCIA(ID_PROVINCIA, NOMBRE, ID_PAIS) VALUES (28,'Madrid', 73);
INSERT INTO PROVINCIA(ID_PROVINCIA, NOMBRE, ID_PAIS) VALUES (29,'Málaga', 73);
INSERT INTO PROVINCIA(ID_PROVINCIA, NOMBRE, ID_PAIS) VALUES (52,'Melilla', 73);
INSERT INTO PROVINCIA(ID_PROVINCIA, NOMBRE, ID_PAIS) VALUES (30,'Murcia', 73);
INSERT INTO PROVINCIA(ID_PROVINCIA, NOMBRE, ID_PAIS) VALUES (31,'Navarra', 73);
INSERT INTO PROVINCIA(ID_PROVINCIA, NOMBRE, ID_PAIS) VALUES (32,'Ourense', 73);
INSERT INTO PROVINCIA(ID_PROVINCIA, NOMBRE, ID_PAIS) VALUES (34,'Palencia', 73);
INSERT INTO PROVINCIA(ID_PROVINCIA, NOMBRE, ID_PAIS) VALUES (35,'Palmas, Las', 73);
INSERT INTO PROVINCIA(ID_PROVINCIA, NOMBRE, ID_PAIS) VALUES (36,'Pontevedra', 73);
INSERT INTO PROVINCIA(ID_PROVINCIA, NOMBRE, ID_PAIS) VALUES (26,'Rioja, La', 73);
INSERT INTO PROVINCIA(ID_PROVINCIA, NOMBRE, ID_PAIS) VALUES (37,'Salamanca', 73);
INSERT INTO PROVINCIA(ID_PROVINCIA, NOMBRE, ID_PAIS) VALUES (38,'Santa Cruz de Tenerife', 73);
INSERT INTO PROVINCIA(ID_PROVINCIA, NOMBRE, ID_PAIS) VALUES (40,'Segovia', 73);
INSERT INTO PROVINCIA(ID_PROVINCIA, NOMBRE, ID_PAIS) VALUES (41,'Sevilla', 73);
INSERT INTO PROVINCIA(ID_PROVINCIA, NOMBRE, ID_PAIS) VALUES (42,'Soria', 73);
INSERT INTO PROVINCIA(ID_PROVINCIA, NOMBRE, ID_PAIS) VALUES (43,'Tarragona', 73);
INSERT INTO PROVINCIA(ID_PROVINCIA, NOMBRE, ID_PAIS) VALUES (44,'Teruel', 73);
INSERT INTO PROVINCIA(ID_PROVINCIA, NOMBRE, ID_PAIS) VALUES (45,'Toledo', 73);
INSERT INTO PROVINCIA(ID_PROVINCIA, NOMBRE, ID_PAIS) VALUES (46,'Valencia/València', 73);
INSERT INTO PROVINCIA(ID_PROVINCIA, NOMBRE, ID_PAIS) VALUES (47,'Valladolid', 73);
INSERT INTO PROVINCIA(ID_PROVINCIA, NOMBRE, ID_PAIS) VALUES (49,'Zamora', 73);
INSERT INTO PROVINCIA(ID_PROVINCIA, NOMBRE, ID_PAIS) VALUES (50,'Zaragoza', 73);


-- Localidades
INSERT INTO LOCALIDAD(CIUDAD, ID_PROVINCIA) VALUES ('Chantada', 27);
INSERT INTO LOCALIDAD(CIUDAD, ID_PROVINCIA) VALUES ('Monterroso', 27);
INSERT INTO LOCALIDAD(CIUDAD, ID_PROVINCIA) VALUES ('Vigo', 36);
INSERT INTO LOCALIDAD(CIUDAD, ID_PROVINCIA) VALUES ('O Grove', 36);
INSERT INTO LOCALIDAD(CIUDAD, ID_PROVINCIA) VALUES ('Lugo', 27);


-- Idiomas
INSERT INTO IDIOMA(NOMBRE) VALUES('Español');
INSERT INTO IDIOMA(NOMBRE) VALUES('English');
INSERT INTO IDIOMA(NOMBRE) VALUES('Français');


-- Usuarios
INSERT 
	INTO USUARIO(EMAIL, CONTRASENA, NOMBRE, FECHA_NACIMIENTO, ID_IDIOMA, APELLIDO1, APELLIDO2, ID_SEXO, ID_ESTADO) 
	VALUES ('branchantada2@gmail.com', 'chantada', 'Bran', '2001-01-30', 1, 'Bouzas', 'Prado', 'H', 1);
INSERT 
	INTO USUARIO(EMAIL, CONTRASENA, NOMBRE, FECHA_NACIMIENTO, ID_IDIOMA, APELLIDO1, ID_SEXO, ID_ESTADO) 
	VALUES ('jorgeserrano.grafico@gmail.com', 'chantada', 'Jorge', '2001-01-01', 1, 'Serrano', 'H', 1);
INSERT 
	INTO USUARIO(EMAIL, CONTRASENA, NOMBRE, FECHA_NACIMIENTO, ID_IDIOMA, APELLIDO1, ID_SEXO, ID_ESTADO) 
	VALUES ('2s4ntos@gmail.com', 'chantada', 'André', '1998-01-01', 1, 'Dos Santos', 'H', 1);
INSERT 
	INTO USUARIO(EMAIL, CONTRASENA, NOMBRE, FECHA_NACIMIENTO, ID_IDIOMA, APELLIDO1, ID_SEXO, ID_ESTADO) 
	VALUES ('jpsmra2018@gmail.com', 'chantada', 'Elías', '1998-01-01', 1, 'No sé', 'H', 1);
INSERT 
	INTO USUARIO(EMAIL, CONTRASENA, NOMBRE, FECHA_NACIMIENTO, ID_IDIOMA, APELLIDO1, APELLIDO2, ID_SEXO, ID_ESTADO) 
	VALUES ('AleidaAlemanAlcala@gmail.com', 'Xohxei6cha', 'Aleida', '1960-03-18', 1, 'Alemán', 'Alcalá', 'M', 1);
INSERT 
	INTO USUARIO(EMAIL, CONTRASENA, NOMBRE, FECHA_NACIMIENTO, ID_IDIOMA, APELLIDO1, APELLIDO2, ID_SEXO, ID_ESTADO) 
	VALUES ('LisandraMarreroCallas@gmail.com', 'eeW1feebo', 'Lisandra', '1995-02-02', 1, 'Marrero', 'Callas', 'M', 1);
INSERT 
	INTO USUARIO(EMAIL, CONTRASENA, NOMBRE, FECHA_NACIMIENTO, ID_IDIOMA, APELLIDO1, ID_SEXO, ID_ESTADO) 
	VALUES ('FlordelisCliche@gmail.com', 'KaiLoo4ae', 'Flordelis', '1940-03-31', 3, 'Cliche', 'M', 1);
INSERT 
	INTO USUARIO(EMAIL, CONTRASENA, NOMBRE, FECHA_NACIMIENTO, ID_IDIOMA, APELLIDO1, ID_SEXO, ID_ESTADO) 
	VALUES ('MariaHolzman@gmail.com', 'Blesteth', 'Maria', '1972-12-28', 2, 'Holzman', 'M', 1);
INSERT 
	INTO USUARIO(EMAIL, CONTRASENA, NOMBRE, FECHA_NACIMIENTO, ID_IDIOMA, APELLIDO1, ID_SEXO, ID_ESTADO) 
	VALUES ('DieterAachen@gmail.com', 'ied6pieng6D', 'Dieter', '1960-08-25', 2, 'Aachen', 'H', 1);
INSERT 
	INTO USUARIO(EMAIL, CONTRASENA, NOMBRE, FECHA_NACIMIENTO, ID_IDIOMA, APELLIDO1, ID_SEXO, ID_ESTADO) 
	VALUES ('LongWu@gmail.com', 'du3Pa3ah9', 'Long', '1974-03-07', 3, 'Wu', ' ', 2);


-- Direcciones
INSERT 
	INTO DIRECCION(NOMBRE, CALLE, ID_LOCALIDAD, ID_USUARIO) 
    VALUES ('Casa', 'Avenida de Ourense', 1, 1);
INSERT 
	INTO DIRECCION(NOMBRE, CALLE, ID_LOCALIDAD, ID_USUARIO) 
    VALUES ('Trabajo', 'Rúa de Antonio Lorenzana', 1, 1);
INSERT 
	INTO DIRECCION(NOMBRE, CALLE, ID_LOCALIDAD, ID_USUARIO) 
    VALUES ('Floristería Divina', 'Rúa de Rosalía de Castro', 2, 2);
INSERT 
	INTO DIRECCION(NOMBRE, CALLE, ID_LOCALIDAD, ID_USUARIO) 
    VALUES ('Restaurante Pichi', 'Rúa da Platería', 4, 4);
INSERT 
	INTO DIRECCION(NOMBRE, CALLE, ID_LOCALIDAD, ID_USUARIO) 
    VALUES ('Val Do Asma', 'Avenida de Monforte', 1, 3);
INSERT 
	INTO DIRECCION(NOMBRE, CALLE, ID_LOCALIDAD, ID_USUARIO) 
    VALUES ('Porta da Estación', 'Rúa do Teatro', 5, 5);
INSERT 
	INTO DIRECCION(NOMBRE, CALLE, ID_LOCALIDAD, ID_USUARIO) 
    VALUES ('Porta da Estación', 'Rúa do Teatro', 5, 6);
INSERT 
	INTO DIRECCION(NOMBRE, CALLE, ID_LOCALIDAD, ID_USUARIO) 
    VALUES ('Centro Comercial A Laxe', 'Rúa Cánovas del Castillo', 3, 7);
INSERT 
	INTO DIRECCION(NOMBRE, CALLE, ID_LOCALIDAD, ID_USUARIO) 
    VALUES ('Centro Comercial A Laxe', 'Rúa Cánovas del Castillo', 3, 8);
INSERT 
	INTO DIRECCION(NOMBRE, CALLE, ID_LOCALIDAD, ID_USUARIO) 
    VALUES ('El Progreso de Lugo', 'Rúa Ribadeo', 5, 9);
INSERT 
	INTO DIRECCION(NOMBRE, CALLE, ID_LOCALIDAD, ID_USUARIO) 
    VALUES ('El Progreso de Lugo', 'Rúa Ribadeo', 5, 10);


-- Pedidos
INSERT INTO PEDIDO(FECHA, PRECIO_TOTAL, CARRITO, ID_USUARIO, ID_ESTADO) VALUES ('2019-02-02', 77.97, true, 1, 1);
INSERT INTO PEDIDO(FECHA, PRECIO_TOTAL, CARRITO, ID_USUARIO, ID_ESTADO) VALUES ('2019-08-02', 52.23, false, 1, 2); 
INSERT INTO PEDIDO(FECHA, PRECIO_TOTAL, CARRITO, ID_USUARIO, ID_ESTADO) VALUES ('2019-08-12', 254.98, true, 2, 1);
INSERT INTO PEDIDO(FECHA, PRECIO_TOTAL, CARRITO, ID_USUARIO, ID_ESTADO) VALUES ('2019-02-02', 51.98, false, 2, 2);
INSERT INTO PEDIDO(FECHA, PRECIO_TOTAL, CARRITO, ID_USUARIO, ID_ESTADO) VALUES ('2016-12-02', 25.99, true, 3, 1);
INSERT INTO PEDIDO(FECHA, PRECIO_TOTAL, CARRITO, ID_USUARIO, ID_ESTADO) VALUES ('2017-06-04', 25.99, false, 4, 2);
INSERT INTO PEDIDO(FECHA, PRECIO_TOTAL, CARRITO, ID_USUARIO, ID_ESTADO) VALUES ('2015-01-12', 19.99, true, 5, 1);
INSERT INTO PEDIDO(FECHA, PRECIO_TOTAL, CARRITO, ID_USUARIO, ID_ESTADO) VALUES ('2012-02-20', 19.99, false, 6, 2);
INSERT INTO PEDIDO(FECHA, PRECIO_TOTAL, CARRITO, ID_USUARIO, ID_ESTADO) VALUES ('2018-09-10', 59.90, true, 7, 1);
INSERT INTO PEDIDO(FECHA, PRECIO_TOTAL, CARRITO, ID_USUARIO, ID_ESTADO) VALUES ('2010-05-13', 54.00, false, 8, 2);
INSERT INTO PEDIDO(FECHA, PRECIO_TOTAL, CARRITO, ID_USUARIO, ID_ESTADO) VALUES ('2019-11-15', 33.99, true, 9, 1);
INSERT INTO PEDIDO(FECHA, PRECIO_TOTAL, CARRITO, ID_USUARIO, ID_ESTADO) VALUES ('2019-01-01', 73.50, false, 10, 2);

 
-- Categorías
INSERT INTO CATEGORIA() VALUES ();
INSERT INTO CATEGORIA() VALUES ();
INSERT INTO CATEGORIA() VALUES ();
INSERT INTO CATEGORIA() VALUES ();
INSERT INTO CATEGORIA() VALUES ();
INSERT INTO CATEGORIA() VALUES ();
INSERT INTO CATEGORIA() VALUES ();
INSERT INTO CATEGORIA() VALUES ();
INSERT INTO CATEGORIA(ID_CATEGORIA_PADRE) VALUES (1);
INSERT INTO CATEGORIA(ID_CATEGORIA_PADRE) VALUES (1);
INSERT INTO CATEGORIA(ID_CATEGORIA_PADRE) VALUES (1);
INSERT INTO CATEGORIA(ID_CATEGORIA_PADRE) VALUES (2);
INSERT INTO CATEGORIA(ID_CATEGORIA_PADRE) VALUES (2);
INSERT INTO CATEGORIA(ID_CATEGORIA_PADRE) VALUES (3);
INSERT INTO CATEGORIA(ID_CATEGORIA_PADRE) VALUES (3);
INSERT INTO CATEGORIA(ID_CATEGORIA_PADRE) VALUES (4);
INSERT INTO CATEGORIA(ID_CATEGORIA_PADRE) VALUES (4);
INSERT INTO CATEGORIA(ID_CATEGORIA_PADRE) VALUES (4);
INSERT INTO CATEGORIA(ID_CATEGORIA_PADRE) VALUES (4);
INSERT INTO CATEGORIA(ID_CATEGORIA_PADRE) VALUES (4);
INSERT INTO CATEGORIA(ID_CATEGORIA_PADRE) VALUES (5);
INSERT INTO CATEGORIA(ID_CATEGORIA_PADRE) VALUES (5);
INSERT INTO CATEGORIA(ID_CATEGORIA_PADRE) VALUES (6);
INSERT INTO CATEGORIA(ID_CATEGORIA_PADRE) VALUES (6);
INSERT INTO CATEGORIA(ID_CATEGORIA_PADRE) VALUES (6);
INSERT INTO CATEGORIA(ID_CATEGORIA_PADRE) VALUES (7);
INSERT INTO CATEGORIA(ID_CATEGORIA_PADRE) VALUES (7);
INSERT INTO CATEGORIA(ID_CATEGORIA_PADRE) VALUES (7);
INSERT INTO CATEGORIA(ID_CATEGORIA_PADRE) VALUES (8);
INSERT INTO CATEGORIA(ID_CATEGORIA_PADRE) VALUES (8);


-- Categorías según su idioma
-- Español
INSERT INTO CATEGORIA_IDIOMA(ID_CATEGORIA, ID_IDIOMA, NOMBRE) 
	VALUES(1, 1, 'Libros'), (2, 1, 'Películas'), (3, 1, 'Videojuegos'), (4, 1, 'Ropa'), (5, 1, 'Relojes'),
	(6, 1, 'Tecnología'), (7, 1, 'Joyas'), (8, 1, 'Juguetes'), (9, 1, 'Novelas'), (10, 1, 'Ficción'),
	(11, 1, 'Adventuras'), (12, 1, 'Trágicas'), (13, 1, 'Animadas'), (14, 1, 'Juegos'), (15, 1, 'Consolas'),
	(16, 1, 'Torso'), (17, 1, 'Complementos'), (18, 1, 'Zapatos'), (19, 1, 'Pantalones'), (20, 1, 'Sudaderas'),
	(21, 1, 'Digitales'), (22, 1, 'Analógicos'), (23, 1, 'Móviles'), (24, 1, 'Televisores'), (25, 1, 'Hogar'),
	(26, 1, 'Pulseras y anillos'), (27, 1, 'Collares'), (28, 1, 'Pendientes'), (29, 1, 'Figuras'), (30, 1, 'Acción');
-- Inglés
INSERT INTO CATEGORIA_IDIOMA(ID_CATEGORIA, ID_IDIOMA, NOMBRE) 
	VALUES(1, 2, 'Books'), (2, 2, 'Movies'), (3, 2, 'Videogames'), (4, 2, 'Clothes'), (5, 2, 'Clocks'),
	(6, 2, 'Technology'), (7, 2, 'Jewels'), (8, 2, 'Toys'), (9, 2, 'Novels'), (10, 2, 'Fiction'),
	(11, 2, 'Adventures'), (12, 2, 'Tragic'), (13, 2, 'Animated'), (14, 2, 'Games'), (15, 2, 'Consoles'),
	(16, 2, 'Trunk'), (17, 2, 'Accessories'), (18, 2, 'Shoes'), (19, 2, 'Pants'), (20, 2, 'Sweatshirts'),
	(21, 2, 'Digital'), (22, 2, 'Analogue'), (23, 2, 'Mobiles'), (24, 2, 'TVs'), (25, 2, 'Home'),
	(26, 2, 'Bracelets and rings'), (27, 2, 'Necklaces'), (28, 2, 'Slopes'), (29, 2, 'Figures'), (30, 2, 'Action');
-- Francés
INSERT INTO CATEGORIA_IDIOMA(ID_CATEGORIA, ID_IDIOMA, NOMBRE) 
	VALUES(1, 3, 'Livres'), (2, 3, 'Films'), (3, 3, 'Jeux vidéo'), (4, 3, 'Vêtements'), (5, 3, 'Horloges'),
	(6, 3, 'La technologie'), (7, 3, 'Bijoux'), (8, 3, 'Jouets'), (9, 3, 'Des romans'), (10, 3, 'Fiction'),
	(11, 3, 'Aventures'), (12, 3, 'Tragique'), (13, 3, 'Animée'), (14, 3, 'Jeux'), (15, 3, 'Consoles'),
	(16, 3, 'Tronc'), (17, 3, 'Accessoires'), (18, 3, 'Des chaussures'), (19, 3, 'Pantalons'), (20, 3, 'Pulls molletonnés'),
	(21, 3, 'Numérique'), (22, 3, 'Analogue'), (23, 3, 'Mobiles'), (24, 3, 'Téléviseurs'), (25, 3, 'Accueil'),
	(26, 3, 'Bracelets et bagues'), (27, 3, 'Colliers'), (28, 3, 'Pistes'), (29, 3, 'Les figures'), (30, 3, 'Action');

    
-- Productos
-- Libros
INSERT 
	INTO PRODUCTO(PRECIO, ID_CATEGORIA) 
	VALUES 
    (19.99, 1),
    (21.99, 1),
    (9.75, 1),
    (10.25, 1);
--  Películas
INSERT 
	INTO PRODUCTO(PRECIO, ID_CATEGORIA) 
	VALUES 
    (11.75, 2),
    (9.95, 2),
    (7.95, 2),
    (8.01, 2);
-- Videojuegos
INSERT 
	INTO PRODUCTO(PRECIO, ID_CATEGORIA) 
	VALUES 
    (19.99, 3),
    (199.99, 3),
    (25.99, 3),
    (59.90, 3);
-- Ropa
INSERT 
	INTO PRODUCTO(PRECIO, ID_CATEGORIA) 
	VALUES 
    (54.00, 4),
    (12.99, 4),
    (33.99, 4),
    (9.98, 4);
-- Relojes
INSERT 
	INTO PRODUCTO(PRECIO, ID_CATEGORIA) 
	VALUES 
    (77.00, 5),
    (5.39, 5),
    (54.99, 5),
    (199.00, 5);
-- Tecnología
INSERT 
	INTO PRODUCTO(PRECIO, ID_CATEGORIA) 
	VALUES 
    (1285.42, 6),
    (479.00, 6),
    (73.50, 6),
    (19.99, 6);
-- Joyería
INSERT 
	INTO PRODUCTO(PRECIO, ID_CATEGORIA) 
	VALUES 
    (16.90, 7),
    (15.50, 7),
    (190.00, 7),
    (59.00, 7);
-- Juguetes
INSERT 
	INTO PRODUCTO(PRECIO, ID_CATEGORIA) 
	VALUES 
    (11.95, 8),
    (30.00, 8),
    (4.95, 8),
    (66.99, 8);


-- Productos según su idioma
-- Español
INSERT INTO PRODUCTO_IDIOMA(NOMBRE, DESCRIPCION, ID_IDIOMA, ID_PRODUCTO) 
	VALUES('Don Quijote de la Mancha', 'Un anciano se vuelve loco y realiza hazañas por su querida Dulcinea del Toloso', 1, 1),
	('Harry Potter y la piedra filosofal', 'Aventuras de un joven mago muy hábil', 1, 2),
	('La última jungla', 'Un viaje de una joven con su madre a otro país', 1, 3),
	('La verdad sobre el caso Savolta', 'La investigación sobre un asesinato', 1, 4),
	('Spirit', 'Como protagonista un caballo que se separa de su familia para llevar a cabo las necesidades de los humanos', 1, 5),
	('El señor de las moscas', 'Unos jóvenes tienen un accidente de avión y se quedan atrapados en una isla, dividiéndolos en dos bandos de ideologías completamente diferentes', 1, 6),
	('Forrest Gump', 'Un joven con problemas en las piernas, que es ofendido constantemente por sus compañeros y tan solo es apoyado por su íntima amiga', 1, 7),
	('El niño con el pijama de rayas', 'Un joven alemán que se hace amigo de un judío, teniendo a su padre como soldado del ejército Nazi', 1, 8),
	('Invizimals La Alianza', 'Unos seres invisibles que tan solo se pueden ver desde tu videoconsola', 1, 9),
	('PS4', 'Sistema de entretenimiento digital', 1, 10),
	('Call of Duty: Black Ops III', 'Es un videojuego de disparos en primera persona', 1, 11),
	('FIFA 20', 'Es un videojuego de simulación de fútbol desarrollado por EA Sports', 1, 12),
	('Adidas Superstar', 'Es una zapatilla deportiva de baloncesto', 1, 13),
	('Sudadera Marshmello', 'Es una sudadera con la ilustración de Marshmello', 1, 14),
	('Mochila Fila', 'Mochila unisex confeccionada en poliéster', 1, 15),
	('Pantalones de camuflaje', 'Pantalones militares para hombre', 1, 16),
	('Cronómetro con pulsador', 'Cronómetro con función de Marcha/Para', 1, 17),
	('Despertador', 'Es un dispositivo que se utiliza para despertarse mediante un sonido', 1, 18),
	('Fitbit', 'Monitoriza la actividad, el ejercicio, los alimentos, el peso y más cosas', 1, 19),
	('Reloj Hugo Boss', 'Cronógrafo para Hombre de Cuarzo con Correa en Cuero', 1, 20),
	('Iphone 11 Pro', 'Con una pantalla OLED Super Retina XDR,está potenciado por un procesador A13 Bionic de Apple', 1, 21),
	('Televisor Led Samsung', 'Imágenes en Full HD', 1, 22),
	('Earpods', 'Son unos auriculares blancos con mando a distancia y micrófono comercializados por Apple Inc', 1, 23),
	('Altavoz Google Home Mini', 'Tiene una tela en la parte superior que permite que el sonido salga sin muchos problemas', 1, 24),
	('Pendientes de estrella', 'Pendientes Pequeños de Plata deEstrellas para Mujer, Niña', 1, 25),
	('Pulsera de los 7 Chakras', 'Se hizo con piedras semipreciosas', 1, 26),
	('Anillo de compromiso de oro', '18 quilates con acabado pulido y forjado a mano', 1, 27),
	('Collares de letras', 'Detrás de cada nombre hay una historia', 1, 28),
	('Goku Ultra Instinct Pop', 'Figura Pop del protagonista del anime Dragon Ball, en la forma ultra instinto', 1, 29),
	('Buzz Lightyear parlanchín', 'Buzz Lightyear es un personaje ficticio de la franquicia Toy Story de Pixar', 1, 30),
	('Spinner', 'Es un dispositivo empleado como juguete antiestrés', 1, 31),
	('Playmobil de pirata', 'Con cañones en la cubierta, los piratas siempre han sembrado el terror en los océanos', 1, 32);
-- Inglés
INSERT INTO PRODUCTO_IDIOMA(NOMBRE, DESCRIPCION, ID_IDIOMA, ID_PRODUCTO) 
    VALUES('PS4', 'Digital entertainment system', 2, 10);
INSERT INTO PRODUCTO_IDIOMA(NOMBRE, DESCRIPCION, ID_IDIOMA, ID_PRODUCTO) 
	VALUES('Harry Potter and the Philosopher\'s Stone', 'Adventures of a very skilled young wizard', 2, 2);
-- Francés
INSERT INTO PRODUCTO_IDIOMA(NOMBRE, DESCRIPCION, ID_IDIOMA, ID_PRODUCTO) 
    VALUES('Spirit', 'En tant que protagoniste d\'un cheval qui se sépare de sa famille pour répondre aux besoins des humains', 3, 5);
INSERT INTO PRODUCTO_IDIOMA(NOMBRE, DESCRIPCION, ID_IDIOMA, ID_PRODUCTO) 
	VALUES('Spinner', 'C\'est un appareil utilisé comme jouet anti-stress', 3, 31);


-- Líneas
INSERT 
	INTO LINEA(PRECIO_UNITARIO, PRECIO_TOTAL, UNIDADES, VALORACION, ID_PEDIDO, ID_PRODUCTO) 
	VALUES (25.99, 77.97, 3, 4, 1, 11);
INSERT 
	INTO LINEA(PRECIO_UNITARIO, PRECIO_TOTAL, UNIDADES, VALORACION, ID_PEDIDO, ID_PRODUCTO) 
	VALUES (19.99, 19.99, 1, NULL, 2, 9);
INSERT 
	INTO LINEA(PRECIO_UNITARIO, PRECIO_TOTAL, UNIDADES, VALORACION, ID_PEDIDO, ID_PRODUCTO) 
	VALUES (21.99, 21.99, 1, 4, 2, 2);
INSERT 
	INTO LINEA(PRECIO_UNITARIO, PRECIO_TOTAL, UNIDADES, VALORACION, ID_PEDIDO, ID_PRODUCTO) 
	VALUES (10.25, 10.25, 1, NULL, 2, 3);
INSERT 
	INTO LINEA(PRECIO_UNITARIO, PRECIO_TOTAL, UNIDADES, VALORACION, ID_PEDIDO, ID_PRODUCTO) 
	VALUES (199.99, 199.99, 1, NULL, 3, 10);
INSERT 
	INTO LINEA(PRECIO_UNITARIO, PRECIO_TOTAL, UNIDADES, VALORACION, ID_PEDIDO, ID_PRODUCTO) 
	VALUES (54.99, 54.99, 1, 3, 3, 19);
INSERT 
	INTO LINEA(PRECIO_UNITARIO, PRECIO_TOTAL, UNIDADES, VALORACION, ID_PEDIDO, ID_PRODUCTO) 
	VALUES (25.99, 51.98, 2, 4, 4, 11);
INSERT 
	INTO LINEA(PRECIO_UNITARIO, PRECIO_TOTAL, UNIDADES, VALORACION, ID_PEDIDO, ID_PRODUCTO) 
	VALUES (25.99, 25.99, 1, 2, 5, 11);
INSERT 
	INTO LINEA(PRECIO_UNITARIO, PRECIO_TOTAL, UNIDADES, VALORACION, ID_PEDIDO, ID_PRODUCTO) 
	VALUES (25.99, 25.99, 1, NULL, 9, 11);
INSERT 
	INTO LINEA(PRECIO_UNITARIO, PRECIO_TOTAL, UNIDADES, VALORACION, ID_PEDIDO, ID_PRODUCTO) 
	VALUES (19.99, 19.99, 1, 3, 6, 1);
INSERT 
	INTO LINEA(PRECIO_UNITARIO, PRECIO_TOTAL, UNIDADES, VALORACION, ID_PEDIDO, ID_PRODUCTO) 
	VALUES (19.99, 19.99, 1, NULL, 8, 24);
INSERT 
	INTO LINEA(PRECIO_UNITARIO, PRECIO_TOTAL, UNIDADES, VALORACION, ID_PEDIDO, ID_PRODUCTO) 
	VALUES (54.00, 54.00, 1, 3, 12, 13);
INSERT 
	INTO LINEA(PRECIO_UNITARIO, PRECIO_TOTAL, UNIDADES, VALORACION, ID_PEDIDO, ID_PRODUCTO) 
	VALUES (33.99, 33.99, 1, NULL, 10, 15);
INSERT 
	INTO LINEA(PRECIO_UNITARIO, PRECIO_TOTAL, UNIDADES, VALORACION, ID_PEDIDO, ID_PRODUCTO) 
	VALUES (73.50, 73.50, 1, 4, 11, 23);